1;Lnach1;Lvor1;1;L;c21f969b5f03d33d43e04f8f136e7682
2;Lnach2;Lvor2;1;L;c21f969b5f03d33d43e04f8f136e7682
3;Lnach3;Lvor3;1;L;c21f969b5f03d33d43e04f8f136e7682
4;Lnach4;Lvor4;1;L;c21f969b5f03d33d43e04f8f136e7682
5;Lnach5;Lvor5;1;L;c21f969b5f03d33d43e04f8f136e7682
6;Lnach6;Lvor6;1;L;c21f969b5f03d33d43e04f8f136e7682
7;Lnach7;Lvor7;1;L;c21f969b5f03d33d43e04f8f136e7682
8;Lnach8;Lvor8;1;L;c21f969b5f03d33d43e04f8f136e7682
9;Lnach9;Lvor9;1;L;c21f969b5f03d33d43e04f8f136e7682
10;Lnach10;Lvor10;1;L;c21f969b5f03d33d43e04f8f136e7682
11;Lnach11;Lvor11;1;L;c21f969b5f03d33d43e04f8f136e7682
12;Lnach12;Lvor12;1;L;c21f969b5f03d33d43e04f8f136e7682
13;Lnach13;Lvor13;1;L;c21f969b5f03d33d43e04f8f136e7682
14;Lnach14;Lvor14;1;L;c21f969b5f03d33d43e04f8f136e7682
15;Lnach15;Lvor15;1;L;c21f969b5f03d33d43e04f8f136e7682
16;Lnach16;Lvor16;1;L;c21f969b5f03d33d43e04f8f136e7682
17;Lnach17;Lvor17;1;L;c21f969b5f03d33d43e04f8f136e7682
18;Lnach18;Lvor18;1;L;c21f969b5f03d33d43e04f8f136e7682
19;Lnach19;Lvor19;1;L;c21f969b5f03d33d43e04f8f136e7682
20;Lnach20;Lvor20;1;L;c21f969b5f03d33d43e04f8f136e7682
21;Lnach21;Lvor21;1;L;c21f969b5f03d33d43e04f8f136e7682
22;Lnach22;Lvor22;1;L;c21f969b5f03d33d43e04f8f136e7682
23;Lnach23;Lvor23;1;L;c21f969b5f03d33d43e04f8f136e7682
24;Lnach24;Lvor24;1;L;c21f969b5f03d33d43e04f8f136e7682
25;Lnach25;Lvor25;1;L;c21f969b5f03d33d43e04f8f136e7682
26;Lnach26;Lvor26;1;L;c21f969b5f03d33d43e04f8f136e7682
27;Lnach27;Lvor27;1;L;c21f969b5f03d33d43e04f8f136e7682
28;Lnach28;Lvor28;1;L;c21f969b5f03d33d43e04f8f136e7682
29;Lnach29;Lvor29;1;L;c21f969b5f03d33d43e04f8f136e7682
30;Lnach30;Lvor30;1;L;c21f969b5f03d33d43e04f8f136e7682
31;Lnach31;Lvor31;1;L;c21f969b5f03d33d43e04f8f136e7682
32;Lnach32;Lvor32;1;L;c21f969b5f03d33d43e04f8f136e7682
33;Lnach33;Lvor33;1;L;c21f969b5f03d33d43e04f8f136e7682
34;Lnach34;Lvor34;1;L;c21f969b5f03d33d43e04f8f136e7682
35;Lnach35;Lvor35;1;L;c21f969b5f03d33d43e04f8f136e7682
36;Lnach36;Lvor36;1;L;c21f969b5f03d33d43e04f8f136e7682
37;Lnach37;Lvor37;1;L;c21f969b5f03d33d43e04f8f136e7682
38;Lnach38;Lvor38;1;L;c21f969b5f03d33d43e04f8f136e7682
39;Lnach39;Lvor39;1;L;c21f969b5f03d33d43e04f8f136e7682
40;Lnach40;Lvor40;1;L;c21f969b5f03d33d43e04f8f136e7682
41;Lnach41;Lvor41;1;L;c21f969b5f03d33d43e04f8f136e7682
42;Lnach42;Lvor42;1;L;c21f969b5f03d33d43e04f8f136e7682
43;Lnach43;Lvor43;1;L;c21f969b5f03d33d43e04f8f136e7682
44;Lnach44;Lvor44;1;L;c21f969b5f03d33d43e04f8f136e7682
45;Lnach45;Lvor45;1;L;c21f969b5f03d33d43e04f8f136e7682
46;Lnach46;Lvor46;1;L;c21f969b5f03d33d43e04f8f136e7682
47;Lnach47;Lvor47;1;L;c21f969b5f03d33d43e04f8f136e7682
48;Lnach48;Lvor48;1;L;c21f969b5f03d33d43e04f8f136e7682
49;Lnach49;Lvor49;1;L;c21f969b5f03d33d43e04f8f136e7682
50;Lnach50;Lvor50;1;L;c21f969b5f03d33d43e04f8f136e7682
51;Lnach51;Lvor51;1;L;c21f969b5f03d33d43e04f8f136e7682
52;Lnach52;Lvor52;1;L;c21f969b5f03d33d43e04f8f136e7682
53;Lnach53;Lvor53;1;L;c21f969b5f03d33d43e04f8f136e7682
54;Lnach54;Lvor54;1;L;c21f969b5f03d33d43e04f8f136e7682
55;Lnach55;Lvor55;1;L;c21f969b5f03d33d43e04f8f136e7682
56;Lnach56;Lvor56;1;L;c21f969b5f03d33d43e04f8f136e7682
57;Lnach57;Lvor57;1;L;c21f969b5f03d33d43e04f8f136e7682
58;Lnach58;Lvor58;1;L;c21f969b5f03d33d43e04f8f136e7682
59;Lnach59;Lvor59;1;L;c21f969b5f03d33d43e04f8f136e7682
60;Lnach60;Lvor60;1;L;c21f969b5f03d33d43e04f8f136e7682
61;Enach61;Evor61;0;E;c21f969b5f03d33d43e04f8f136e7682
62;Enach62;Evor62;0;E;c21f969b5f03d33d43e04f8f136e7682
63;Enach63;Evor63;0;E;c21f969b5f03d33d43e04f8f136e7682
64;Enach64;Evor64;0;E;c21f969b5f03d33d43e04f8f136e7682
65;Enach65;Evor65;0;E;c21f969b5f03d33d43e04f8f136e7682
66;Enach66;Evor66;0;E;c21f969b5f03d33d43e04f8f136e7682
67;Enach67;Evor67;0;E;c21f969b5f03d33d43e04f8f136e7682
68;Enach68;Evor68;0;E;c21f969b5f03d33d43e04f8f136e7682
69;Enach69;Evor69;0;E;c21f969b5f03d33d43e04f8f136e7682
70;Enach70;Evor70;0;E;c21f969b5f03d33d43e04f8f136e7682
71;Enach71;Evor71;0;E;c21f969b5f03d33d43e04f8f136e7682
72;Enach72;Evor72;0;E;c21f969b5f03d33d43e04f8f136e7682
73;Enach73;Evor73;0;E;c21f969b5f03d33d43e04f8f136e7682
74;Enach74;Evor74;0;E;c21f969b5f03d33d43e04f8f136e7682
75;Enach75;Evor75;0;E;c21f969b5f03d33d43e04f8f136e7682
76;Enach76;Evor76;0;E;c21f969b5f03d33d43e04f8f136e7682
77;Enach77;Evor77;0;E;c21f969b5f03d33d43e04f8f136e7682
78;Enach78;Evor78;0;E;c21f969b5f03d33d43e04f8f136e7682
79;Enach79;Evor79;0;E;c21f969b5f03d33d43e04f8f136e7682
80;Enach80;Evor80;0;E;c21f969b5f03d33d43e04f8f136e7682
81;Enach81;Evor81;0;E;c21f969b5f03d33d43e04f8f136e7682
82;Enach82;Evor82;0;E;c21f969b5f03d33d43e04f8f136e7682
83;Enach83;Evor83;0;E;c21f969b5f03d33d43e04f8f136e7682
84;Enach84;Evor84;0;E;c21f969b5f03d33d43e04f8f136e7682
85;Enach85;Evor85;0;E;c21f969b5f03d33d43e04f8f136e7682
86;Enach86;Evor86;0;E;c21f969b5f03d33d43e04f8f136e7682
87;Enach87;Evor87;0;E;c21f969b5f03d33d43e04f8f136e7682
88;Enach88;Evor88;0;E;c21f969b5f03d33d43e04f8f136e7682
89;Enach89;Evor89;0;E;c21f969b5f03d33d43e04f8f136e7682
90;Enach90;Evor90;0;E;c21f969b5f03d33d43e04f8f136e7682
91;Enach91;Evor91;0;E;c21f969b5f03d33d43e04f8f136e7682
92;Enach92;Evor92;0;E;c21f969b5f03d33d43e04f8f136e7682
93;Enach93;Evor93;0;E;c21f969b5f03d33d43e04f8f136e7682
94;Enach94;Evor94;0;E;c21f969b5f03d33d43e04f8f136e7682
95;Enach95;Evor95;0;E;c21f969b5f03d33d43e04f8f136e7682
96;Enach96;Evor96;0;E;c21f969b5f03d33d43e04f8f136e7682
97;Enach97;Evor97;0;E;c21f969b5f03d33d43e04f8f136e7682
98;Enach98;Evor98;0;E;c21f969b5f03d33d43e04f8f136e7682
99;Enach99;Evor99;0;E;c21f969b5f03d33d43e04f8f136e7682
100;Enach100;Evor100;0;E;c21f969b5f03d33d43e04f8f136e7682
101;Enach101;Evor101;0;E;c21f969b5f03d33d43e04f8f136e7682
102;Enach102;Evor102;0;E;c21f969b5f03d33d43e04f8f136e7682
103;Enach103;Evor103;0;E;c21f969b5f03d33d43e04f8f136e7682
104;Enach104;Evor104;0;E;c21f969b5f03d33d43e04f8f136e7682
105;Enach105;Evor105;0;E;c21f969b5f03d33d43e04f8f136e7682
106;Enach106;Evor106;0;E;c21f969b5f03d33d43e04f8f136e7682
107;Enach107;Evor107;0;E;c21f969b5f03d33d43e04f8f136e7682
108;Enach108;Evor108;0;E;c21f969b5f03d33d43e04f8f136e7682
109;Enach109;Evor109;0;E;c21f969b5f03d33d43e04f8f136e7682
110;Enach110;Evor110;0;E;c21f969b5f03d33d43e04f8f136e7682
111;Enach111;Evor111;0;E;c21f969b5f03d33d43e04f8f136e7682
112;Enach112;Evor112;0;E;c21f969b5f03d33d43e04f8f136e7682
113;Enach113;Evor113;0;E;c21f969b5f03d33d43e04f8f136e7682
114;Enach114;Evor114;0;E;c21f969b5f03d33d43e04f8f136e7682
115;Enach115;Evor115;0;E;c21f969b5f03d33d43e04f8f136e7682
116;Enach116;Evor116;0;E;c21f969b5f03d33d43e04f8f136e7682
117;Enach117;Evor117;0;E;c21f969b5f03d33d43e04f8f136e7682
118;Enach118;Evor118;0;E;c21f969b5f03d33d43e04f8f136e7682
119;Enach119;Evor119;0;E;c21f969b5f03d33d43e04f8f136e7682
120;Enach120;Evor120;0;E;c21f969b5f03d33d43e04f8f136e7682
121;Enach121;Evor121;0;E;c21f969b5f03d33d43e04f8f136e7682
122;Enach122;Evor122;0;E;c21f969b5f03d33d43e04f8f136e7682
123;Enach123;Evor123;0;E;c21f969b5f03d33d43e04f8f136e7682
124;Enach124;Evor124;0;E;c21f969b5f03d33d43e04f8f136e7682
125;Enach125;Evor125;0;E;c21f969b5f03d33d43e04f8f136e7682
126;Enach126;Evor126;0;E;c21f969b5f03d33d43e04f8f136e7682
127;Enach127;Evor127;0;E;c21f969b5f03d33d43e04f8f136e7682
128;Enach128;Evor128;0;E;c21f969b5f03d33d43e04f8f136e7682
129;Enach129;Evor129;0;E;c21f969b5f03d33d43e04f8f136e7682
130;Enach130;Evor130;0;E;c21f969b5f03d33d43e04f8f136e7682
131;Enach131;Evor131;0;E;c21f969b5f03d33d43e04f8f136e7682
132;Enach132;Evor132;0;E;c21f969b5f03d33d43e04f8f136e7682
133;Enach133;Evor133;0;E;c21f969b5f03d33d43e04f8f136e7682
134;Enach134;Evor134;0;E;c21f969b5f03d33d43e04f8f136e7682
135;Enach135;Evor135;0;E;c21f969b5f03d33d43e04f8f136e7682
136;Enach136;Evor136;0;E;c21f969b5f03d33d43e04f8f136e7682
137;Enach137;Evor137;0;E;c21f969b5f03d33d43e04f8f136e7682
138;Enach138;Evor138;0;E;c21f969b5f03d33d43e04f8f136e7682
139;Enach139;Evor139;0;E;c21f969b5f03d33d43e04f8f136e7682
140;Enach140;Evor140;0;E;c21f969b5f03d33d43e04f8f136e7682
141;Enach141;Evor141;0;E;c21f969b5f03d33d43e04f8f136e7682
142;Enach142;Evor142;0;E;c21f969b5f03d33d43e04f8f136e7682
143;Enach143;Evor143;0;E;c21f969b5f03d33d43e04f8f136e7682
144;Enach144;Evor144;0;E;c21f969b5f03d33d43e04f8f136e7682
145;Enach145;Evor145;0;E;c21f969b5f03d33d43e04f8f136e7682
146;Enach146;Evor146;0;E;c21f969b5f03d33d43e04f8f136e7682
147;Enach147;Evor147;0;E;c21f969b5f03d33d43e04f8f136e7682
148;Enach148;Evor148;0;E;c21f969b5f03d33d43e04f8f136e7682
149;Enach149;Evor149;0;E;c21f969b5f03d33d43e04f8f136e7682
150;Enach150;Evor150;0;E;c21f969b5f03d33d43e04f8f136e7682
151;Enach151;Evor151;0;E;c21f969b5f03d33d43e04f8f136e7682
152;Enach152;Evor152;0;E;c21f969b5f03d33d43e04f8f136e7682
153;Enach153;Evor153;0;E;c21f969b5f03d33d43e04f8f136e7682
154;Enach154;Evor154;0;E;c21f969b5f03d33d43e04f8f136e7682
155;Enach155;Evor155;0;E;c21f969b5f03d33d43e04f8f136e7682
156;Enach156;Evor156;0;E;c21f969b5f03d33d43e04f8f136e7682
157;Enach157;Evor157;0;E;c21f969b5f03d33d43e04f8f136e7682
158;Enach158;Evor158;0;E;c21f969b5f03d33d43e04f8f136e7682
159;Enach159;Evor159;0;E;c21f969b5f03d33d43e04f8f136e7682
160;Enach160;Evor160;0;E;c21f969b5f03d33d43e04f8f136e7682
161;Enach161;Evor161;0;E;c21f969b5f03d33d43e04f8f136e7682
162;Enach162;Evor162;0;E;c21f969b5f03d33d43e04f8f136e7682
163;Enach163;Evor163;0;E;c21f969b5f03d33d43e04f8f136e7682
164;Enach164;Evor164;0;E;c21f969b5f03d33d43e04f8f136e7682
165;Enach165;Evor165;0;E;c21f969b5f03d33d43e04f8f136e7682
166;Enach166;Evor166;0;E;c21f969b5f03d33d43e04f8f136e7682
167;Enach167;Evor167;0;E;c21f969b5f03d33d43e04f8f136e7682
168;Enach168;Evor168;0;E;c21f969b5f03d33d43e04f8f136e7682
169;Enach169;Evor169;0;E;c21f969b5f03d33d43e04f8f136e7682
170;Enach170;Evor170;0;E;c21f969b5f03d33d43e04f8f136e7682
171;Enach171;Evor171;0;E;c21f969b5f03d33d43e04f8f136e7682
172;Enach172;Evor172;0;E;c21f969b5f03d33d43e04f8f136e7682
173;Enach173;Evor173;0;E;c21f969b5f03d33d43e04f8f136e7682
174;Enach174;Evor174;0;E;c21f969b5f03d33d43e04f8f136e7682
175;Enach175;Evor175;0;E;c21f969b5f03d33d43e04f8f136e7682
176;Enach176;Evor176;0;E;c21f969b5f03d33d43e04f8f136e7682
177;Enach177;Evor177;0;E;c21f969b5f03d33d43e04f8f136e7682
178;Enach178;Evor178;0;E;c21f969b5f03d33d43e04f8f136e7682
179;Enach179;Evor179;0;E;c21f969b5f03d33d43e04f8f136e7682
180;Enach180;Evor180;0;E;c21f969b5f03d33d43e04f8f136e7682
181;Enach181;Evor181;0;E;c21f969b5f03d33d43e04f8f136e7682
182;Enach182;Evor182;0;E;c21f969b5f03d33d43e04f8f136e7682
183;Enach183;Evor183;0;E;c21f969b5f03d33d43e04f8f136e7682
184;Enach184;Evor184;0;E;c21f969b5f03d33d43e04f8f136e7682
185;Enach185;Evor185;0;E;c21f969b5f03d33d43e04f8f136e7682
186;Enach186;Evor186;0;E;c21f969b5f03d33d43e04f8f136e7682
187;Enach187;Evor187;0;E;c21f969b5f03d33d43e04f8f136e7682
188;Enach188;Evor188;0;E;c21f969b5f03d33d43e04f8f136e7682
189;Enach189;Evor189;0;E;c21f969b5f03d33d43e04f8f136e7682
190;Enach190;Evor190;0;E;c21f969b5f03d33d43e04f8f136e7682
191;Enach191;Evor191;0;E;c21f969b5f03d33d43e04f8f136e7682
192;Enach192;Evor192;0;E;c21f969b5f03d33d43e04f8f136e7682
193;Enach193;Evor193;0;E;c21f969b5f03d33d43e04f8f136e7682
194;Enach194;Evor194;0;E;c21f969b5f03d33d43e04f8f136e7682
195;Enach195;Evor195;0;E;c21f969b5f03d33d43e04f8f136e7682
196;Enach196;Evor196;0;E;c21f969b5f03d33d43e04f8f136e7682
197;Enach197;Evor197;0;E;c21f969b5f03d33d43e04f8f136e7682
198;Enach198;Evor198;0;E;c21f969b5f03d33d43e04f8f136e7682
199;Enach199;Evor199;0;E;c21f969b5f03d33d43e04f8f136e7682
200;Enach200;Evor200;0;E;c21f969b5f03d33d43e04f8f136e7682
201;Enach201;Evor201;0;E;c21f969b5f03d33d43e04f8f136e7682
202;Enach202;Evor202;0;E;c21f969b5f03d33d43e04f8f136e7682
203;Enach203;Evor203;0;E;c21f969b5f03d33d43e04f8f136e7682
204;Enach204;Evor204;0;E;c21f969b5f03d33d43e04f8f136e7682
205;Enach205;Evor205;0;E;c21f969b5f03d33d43e04f8f136e7682
206;Enach206;Evor206;0;E;c21f969b5f03d33d43e04f8f136e7682
207;Enach207;Evor207;0;E;c21f969b5f03d33d43e04f8f136e7682
208;Enach208;Evor208;0;E;c21f969b5f03d33d43e04f8f136e7682
209;Enach209;Evor209;0;E;c21f969b5f03d33d43e04f8f136e7682
210;Enach210;Evor210;0;E;c21f969b5f03d33d43e04f8f136e7682
211;Enach211;Evor211;0;E;c21f969b5f03d33d43e04f8f136e7682
212;Enach212;Evor212;0;E;c21f969b5f03d33d43e04f8f136e7682
213;Enach213;Evor213;0;E;c21f969b5f03d33d43e04f8f136e7682
214;Enach214;Evor214;0;E;c21f969b5f03d33d43e04f8f136e7682
215;Enach215;Evor215;0;E;c21f969b5f03d33d43e04f8f136e7682
216;Enach216;Evor216;0;E;c21f969b5f03d33d43e04f8f136e7682
217;Enach217;Evor217;0;E;c21f969b5f03d33d43e04f8f136e7682
218;Enach218;Evor218;0;E;c21f969b5f03d33d43e04f8f136e7682
219;Enach219;Evor219;0;E;c21f969b5f03d33d43e04f8f136e7682
220;Enach220;Evor220;0;E;c21f969b5f03d33d43e04f8f136e7682
221;Enach221;Evor221;0;E;c21f969b5f03d33d43e04f8f136e7682
222;Enach222;Evor222;0;E;c21f969b5f03d33d43e04f8f136e7682
223;Enach223;Evor223;0;E;c21f969b5f03d33d43e04f8f136e7682
224;Enach224;Evor224;0;E;c21f969b5f03d33d43e04f8f136e7682
225;Enach225;Evor225;0;E;c21f969b5f03d33d43e04f8f136e7682
226;Enach226;Evor226;0;E;c21f969b5f03d33d43e04f8f136e7682
227;Enach227;Evor227;0;E;c21f969b5f03d33d43e04f8f136e7682
228;Enach228;Evor228;0;E;c21f969b5f03d33d43e04f8f136e7682
229;Enach229;Evor229;0;E;c21f969b5f03d33d43e04f8f136e7682
230;Enach230;Evor230;0;E;c21f969b5f03d33d43e04f8f136e7682
231;Enach231;Evor231;0;E;c21f969b5f03d33d43e04f8f136e7682
232;Enach232;Evor232;0;E;c21f969b5f03d33d43e04f8f136e7682
233;Enach233;Evor233;0;E;c21f969b5f03d33d43e04f8f136e7682
234;Enach234;Evor234;0;E;c21f969b5f03d33d43e04f8f136e7682
235;Enach235;Evor235;0;E;c21f969b5f03d33d43e04f8f136e7682
236;Enach236;Evor236;0;E;c21f969b5f03d33d43e04f8f136e7682
237;Enach237;Evor237;0;E;c21f969b5f03d33d43e04f8f136e7682
238;Enach238;Evor238;0;E;c21f969b5f03d33d43e04f8f136e7682
239;Enach239;Evor239;0;E;c21f969b5f03d33d43e04f8f136e7682
240;Enach240;Evor240;0;E;c21f969b5f03d33d43e04f8f136e7682
241;Enach241;Evor241;0;E;c21f969b5f03d33d43e04f8f136e7682
242;Enach242;Evor242;0;E;c21f969b5f03d33d43e04f8f136e7682
243;Enach243;Evor243;0;E;c21f969b5f03d33d43e04f8f136e7682
244;Enach244;Evor244;0;E;c21f969b5f03d33d43e04f8f136e7682
245;Enach245;Evor245;0;E;c21f969b5f03d33d43e04f8f136e7682
246;Enach246;Evor246;0;E;c21f969b5f03d33d43e04f8f136e7682
247;Enach247;Evor247;0;E;c21f969b5f03d33d43e04f8f136e7682
248;Enach248;Evor248;0;E;c21f969b5f03d33d43e04f8f136e7682
249;Enach249;Evor249;0;E;c21f969b5f03d33d43e04f8f136e7682
250;Enach250;Evor250;0;E;c21f969b5f03d33d43e04f8f136e7682
251;Enach251;Evor251;0;E;c21f969b5f03d33d43e04f8f136e7682
252;Enach252;Evor252;0;E;c21f969b5f03d33d43e04f8f136e7682
253;Enach253;Evor253;0;E;c21f969b5f03d33d43e04f8f136e7682
254;Enach254;Evor254;0;E;c21f969b5f03d33d43e04f8f136e7682
255;Enach255;Evor255;0;E;c21f969b5f03d33d43e04f8f136e7682
256;Enach256;Evor256;0;E;c21f969b5f03d33d43e04f8f136e7682
257;Enach257;Evor257;0;E;c21f969b5f03d33d43e04f8f136e7682
258;Enach258;Evor258;0;E;c21f969b5f03d33d43e04f8f136e7682
259;Enach259;Evor259;0;E;c21f969b5f03d33d43e04f8f136e7682
260;Enach260;Evor260;0;E;c21f969b5f03d33d43e04f8f136e7682
261;Enach261;Evor261;0;E;c21f969b5f03d33d43e04f8f136e7682
262;Enach262;Evor262;0;E;c21f969b5f03d33d43e04f8f136e7682
263;Enach263;Evor263;0;E;c21f969b5f03d33d43e04f8f136e7682
264;Enach264;Evor264;0;E;c21f969b5f03d33d43e04f8f136e7682
265;Enach265;Evor265;0;E;c21f969b5f03d33d43e04f8f136e7682
266;Enach266;Evor266;0;E;c21f969b5f03d33d43e04f8f136e7682
267;Enach267;Evor267;0;E;c21f969b5f03d33d43e04f8f136e7682
268;Enach268;Evor268;0;E;c21f969b5f03d33d43e04f8f136e7682
269;Enach269;Evor269;0;E;c21f969b5f03d33d43e04f8f136e7682
270;Enach270;Evor270;0;E;c21f969b5f03d33d43e04f8f136e7682
271;Enach271;Evor271;0;E;c21f969b5f03d33d43e04f8f136e7682
272;Enach272;Evor272;0;E;c21f969b5f03d33d43e04f8f136e7682
273;Enach273;Evor273;0;E;c21f969b5f03d33d43e04f8f136e7682
274;Enach274;Evor274;0;E;c21f969b5f03d33d43e04f8f136e7682
275;Enach275;Evor275;0;E;c21f969b5f03d33d43e04f8f136e7682
276;Enach276;Evor276;0;E;c21f969b5f03d33d43e04f8f136e7682
277;Enach277;Evor277;0;E;c21f969b5f03d33d43e04f8f136e7682
278;Enach278;Evor278;0;E;c21f969b5f03d33d43e04f8f136e7682
279;Enach279;Evor279;0;E;c21f969b5f03d33d43e04f8f136e7682
280;Enach280;Evor280;0;E;c21f969b5f03d33d43e04f8f136e7682
281;Enach281;Evor281;0;E;c21f969b5f03d33d43e04f8f136e7682
282;Enach282;Evor282;0;E;c21f969b5f03d33d43e04f8f136e7682
283;Enach283;Evor283;0;E;c21f969b5f03d33d43e04f8f136e7682
284;Enach284;Evor284;0;E;c21f969b5f03d33d43e04f8f136e7682
285;Enach285;Evor285;0;E;c21f969b5f03d33d43e04f8f136e7682
286;Enach286;Evor286;0;E;c21f969b5f03d33d43e04f8f136e7682
287;Enach287;Evor287;0;E;c21f969b5f03d33d43e04f8f136e7682
288;Enach288;Evor288;0;E;c21f969b5f03d33d43e04f8f136e7682
289;Enach289;Evor289;0;E;c21f969b5f03d33d43e04f8f136e7682
290;Enach290;Evor290;0;E;c21f969b5f03d33d43e04f8f136e7682
291;Enach291;Evor291;0;E;c21f969b5f03d33d43e04f8f136e7682
292;Enach292;Evor292;0;E;c21f969b5f03d33d43e04f8f136e7682
293;Enach293;Evor293;0;E;c21f969b5f03d33d43e04f8f136e7682
294;Enach294;Evor294;0;E;c21f969b5f03d33d43e04f8f136e7682
295;Enach295;Evor295;0;E;c21f969b5f03d33d43e04f8f136e7682
296;Enach296;Evor296;0;E;c21f969b5f03d33d43e04f8f136e7682
297;Enach297;Evor297;0;E;c21f969b5f03d33d43e04f8f136e7682
298;Enach298;Evor298;0;E;c21f969b5f03d33d43e04f8f136e7682
299;Enach299;Evor299;0;E;c21f969b5f03d33d43e04f8f136e7682
300;Enach300;Evor300;0;E;c21f969b5f03d33d43e04f8f136e7682
301;Enach301;Evor301;0;E;c21f969b5f03d33d43e04f8f136e7682
302;Enach302;Evor302;0;E;c21f969b5f03d33d43e04f8f136e7682
303;Enach303;Evor303;0;E;c21f969b5f03d33d43e04f8f136e7682
304;Enach304;Evor304;0;E;c21f969b5f03d33d43e04f8f136e7682
305;Enach305;Evor305;0;E;c21f969b5f03d33d43e04f8f136e7682
306;Enach306;Evor306;0;E;c21f969b5f03d33d43e04f8f136e7682
307;Enach307;Evor307;0;E;c21f969b5f03d33d43e04f8f136e7682
308;Enach308;Evor308;0;E;c21f969b5f03d33d43e04f8f136e7682
309;Enach309;Evor309;0;E;c21f969b5f03d33d43e04f8f136e7682
310;Enach310;Evor310;0;E;c21f969b5f03d33d43e04f8f136e7682
311;Enach311;Evor311;0;E;c21f969b5f03d33d43e04f8f136e7682
312;Enach312;Evor312;0;E;c21f969b5f03d33d43e04f8f136e7682
313;Enach313;Evor313;0;E;c21f969b5f03d33d43e04f8f136e7682
314;Enach314;Evor314;0;E;c21f969b5f03d33d43e04f8f136e7682
315;Enach315;Evor315;0;E;c21f969b5f03d33d43e04f8f136e7682
316;Enach316;Evor316;0;E;c21f969b5f03d33d43e04f8f136e7682
317;Enach317;Evor317;0;E;c21f969b5f03d33d43e04f8f136e7682
318;Enach318;Evor318;0;E;c21f969b5f03d33d43e04f8f136e7682
319;Enach319;Evor319;0;E;c21f969b5f03d33d43e04f8f136e7682
320;Enach320;Evor320;0;E;c21f969b5f03d33d43e04f8f136e7682
321;Enach321;Evor321;0;E;c21f969b5f03d33d43e04f8f136e7682
322;Enach322;Evor322;0;E;c21f969b5f03d33d43e04f8f136e7682
323;Enach323;Evor323;0;E;c21f969b5f03d33d43e04f8f136e7682
324;Enach324;Evor324;0;E;c21f969b5f03d33d43e04f8f136e7682
325;Enach325;Evor325;0;E;c21f969b5f03d33d43e04f8f136e7682
326;Enach326;Evor326;0;E;c21f969b5f03d33d43e04f8f136e7682
327;Enach327;Evor327;0;E;c21f969b5f03d33d43e04f8f136e7682
328;Enach328;Evor328;0;E;c21f969b5f03d33d43e04f8f136e7682
329;Enach329;Evor329;0;E;c21f969b5f03d33d43e04f8f136e7682
330;Enach330;Evor330;0;E;c21f969b5f03d33d43e04f8f136e7682
331;Enach331;Evor331;0;E;c21f969b5f03d33d43e04f8f136e7682
332;Enach332;Evor332;0;E;c21f969b5f03d33d43e04f8f136e7682
333;Enach333;Evor333;0;E;c21f969b5f03d33d43e04f8f136e7682
334;Enach334;Evor334;0;E;c21f969b5f03d33d43e04f8f136e7682
335;Enach335;Evor335;0;E;c21f969b5f03d33d43e04f8f136e7682
336;Enach336;Evor336;0;E;c21f969b5f03d33d43e04f8f136e7682
337;Enach337;Evor337;0;E;c21f969b5f03d33d43e04f8f136e7682
338;Enach338;Evor338;0;E;c21f969b5f03d33d43e04f8f136e7682
339;Enach339;Evor339;0;E;c21f969b5f03d33d43e04f8f136e7682
340;Enach340;Evor340;0;E;c21f969b5f03d33d43e04f8f136e7682
341;Enach341;Evor341;0;E;c21f969b5f03d33d43e04f8f136e7682
342;Enach342;Evor342;0;E;c21f969b5f03d33d43e04f8f136e7682
343;Enach343;Evor343;0;E;c21f969b5f03d33d43e04f8f136e7682
344;Enach344;Evor344;0;E;c21f969b5f03d33d43e04f8f136e7682
345;Enach345;Evor345;0;E;c21f969b5f03d33d43e04f8f136e7682
346;Enach346;Evor346;0;E;c21f969b5f03d33d43e04f8f136e7682
347;Enach347;Evor347;0;E;c21f969b5f03d33d43e04f8f136e7682
348;Enach348;Evor348;0;E;c21f969b5f03d33d43e04f8f136e7682
349;Enach349;Evor349;0;E;c21f969b5f03d33d43e04f8f136e7682
350;Enach350;Evor350;0;E;c21f969b5f03d33d43e04f8f136e7682
351;Enach351;Evor351;0;E;c21f969b5f03d33d43e04f8f136e7682
352;Enach352;Evor352;0;E;c21f969b5f03d33d43e04f8f136e7682
353;Enach353;Evor353;0;E;c21f969b5f03d33d43e04f8f136e7682
354;Enach354;Evor354;0;E;c21f969b5f03d33d43e04f8f136e7682
355;Enach355;Evor355;0;E;c21f969b5f03d33d43e04f8f136e7682
356;Enach356;Evor356;0;E;c21f969b5f03d33d43e04f8f136e7682
357;Enach357;Evor357;0;E;c21f969b5f03d33d43e04f8f136e7682
358;Enach358;Evor358;0;E;c21f969b5f03d33d43e04f8f136e7682
359;Enach359;Evor359;0;E;c21f969b5f03d33d43e04f8f136e7682
360;Enach360;Evor360;0;E;c21f969b5f03d33d43e04f8f136e7682
361;Enach361;Evor361;0;E;c21f969b5f03d33d43e04f8f136e7682
362;Enach362;Evor362;0;E;c21f969b5f03d33d43e04f8f136e7682
363;Enach363;Evor363;0;E;c21f969b5f03d33d43e04f8f136e7682
364;Enach364;Evor364;0;E;c21f969b5f03d33d43e04f8f136e7682
365;Enach365;Evor365;0;E;c21f969b5f03d33d43e04f8f136e7682
366;Enach366;Evor366;0;E;c21f969b5f03d33d43e04f8f136e7682
367;Enach367;Evor367;0;E;c21f969b5f03d33d43e04f8f136e7682
368;Enach368;Evor368;0;E;c21f969b5f03d33d43e04f8f136e7682
369;Enach369;Evor369;0;E;c21f969b5f03d33d43e04f8f136e7682
370;Enach370;Evor370;0;E;c21f969b5f03d33d43e04f8f136e7682
371;Enach371;Evor371;0;E;c21f969b5f03d33d43e04f8f136e7682
372;Enach372;Evor372;0;E;c21f969b5f03d33d43e04f8f136e7682
373;Enach373;Evor373;0;E;c21f969b5f03d33d43e04f8f136e7682
374;Enach374;Evor374;0;E;c21f969b5f03d33d43e04f8f136e7682
375;Enach375;Evor375;0;E;c21f969b5f03d33d43e04f8f136e7682
376;Enach376;Evor376;0;E;c21f969b5f03d33d43e04f8f136e7682
377;Enach377;Evor377;0;E;c21f969b5f03d33d43e04f8f136e7682
378;Enach378;Evor378;0;E;c21f969b5f03d33d43e04f8f136e7682
379;Enach379;Evor379;0;E;c21f969b5f03d33d43e04f8f136e7682
380;Enach380;Evor380;0;E;c21f969b5f03d33d43e04f8f136e7682
381;Enach381;Evor381;0;E;c21f969b5f03d33d43e04f8f136e7682
382;Enach382;Evor382;0;E;c21f969b5f03d33d43e04f8f136e7682
383;Enach383;Evor383;0;E;c21f969b5f03d33d43e04f8f136e7682
384;Enach384;Evor384;0;E;c21f969b5f03d33d43e04f8f136e7682
385;Enach385;Evor385;0;E;c21f969b5f03d33d43e04f8f136e7682
386;Enach386;Evor386;0;E;c21f969b5f03d33d43e04f8f136e7682
387;Enach387;Evor387;0;E;c21f969b5f03d33d43e04f8f136e7682
388;Enach388;Evor388;0;E;c21f969b5f03d33d43e04f8f136e7682
389;Enach389;Evor389;0;E;c21f969b5f03d33d43e04f8f136e7682
390;Enach390;Evor390;0;E;c21f969b5f03d33d43e04f8f136e7682
391;Enach391;Evor391;0;E;c21f969b5f03d33d43e04f8f136e7682
392;Enach392;Evor392;0;E;c21f969b5f03d33d43e04f8f136e7682
393;Enach393;Evor393;0;E;c21f969b5f03d33d43e04f8f136e7682
394;Enach394;Evor394;0;E;c21f969b5f03d33d43e04f8f136e7682
395;Enach395;Evor395;0;E;c21f969b5f03d33d43e04f8f136e7682
396;Enach396;Evor396;0;E;c21f969b5f03d33d43e04f8f136e7682
397;Enach397;Evor397;0;E;c21f969b5f03d33d43e04f8f136e7682
398;Enach398;Evor398;0;E;c21f969b5f03d33d43e04f8f136e7682
399;Enach399;Evor399;0;E;c21f969b5f03d33d43e04f8f136e7682
400;Enach400;Evor400;0;E;c21f969b5f03d33d43e04f8f136e7682
401;Enach401;Evor401;0;E;c21f969b5f03d33d43e04f8f136e7682
402;Enach402;Evor402;0;E;c21f969b5f03d33d43e04f8f136e7682
403;Enach403;Evor403;0;E;c21f969b5f03d33d43e04f8f136e7682
404;Enach404;Evor404;0;E;c21f969b5f03d33d43e04f8f136e7682
405;Enach405;Evor405;0;E;c21f969b5f03d33d43e04f8f136e7682
406;Enach406;Evor406;0;E;c21f969b5f03d33d43e04f8f136e7682
407;Enach407;Evor407;0;E;c21f969b5f03d33d43e04f8f136e7682
408;Enach408;Evor408;0;E;c21f969b5f03d33d43e04f8f136e7682
409;Enach409;Evor409;0;E;c21f969b5f03d33d43e04f8f136e7682
410;Enach410;Evor410;0;E;c21f969b5f03d33d43e04f8f136e7682
411;Enach411;Evor411;0;E;c21f969b5f03d33d43e04f8f136e7682
412;Enach412;Evor412;0;E;c21f969b5f03d33d43e04f8f136e7682
413;Enach413;Evor413;0;E;c21f969b5f03d33d43e04f8f136e7682
414;Enach414;Evor414;0;E;c21f969b5f03d33d43e04f8f136e7682
415;Enach415;Evor415;0;E;c21f969b5f03d33d43e04f8f136e7682
416;Enach416;Evor416;0;E;c21f969b5f03d33d43e04f8f136e7682
417;Enach417;Evor417;0;E;c21f969b5f03d33d43e04f8f136e7682
418;Enach418;Evor418;0;E;c21f969b5f03d33d43e04f8f136e7682
419;Enach419;Evor419;0;E;c21f969b5f03d33d43e04f8f136e7682
420;Enach420;Evor420;0;E;c21f969b5f03d33d43e04f8f136e7682
421;Enach421;Evor421;0;E;c21f969b5f03d33d43e04f8f136e7682
422;Enach422;Evor422;0;E;c21f969b5f03d33d43e04f8f136e7682
423;Enach423;Evor423;0;E;c21f969b5f03d33d43e04f8f136e7682
424;Enach424;Evor424;0;E;c21f969b5f03d33d43e04f8f136e7682
425;Enach425;Evor425;0;E;c21f969b5f03d33d43e04f8f136e7682
426;Enach426;Evor426;0;E;c21f969b5f03d33d43e04f8f136e7682
427;Enach427;Evor427;0;E;c21f969b5f03d33d43e04f8f136e7682
428;Enach428;Evor428;0;E;c21f969b5f03d33d43e04f8f136e7682
429;Enach429;Evor429;0;E;c21f969b5f03d33d43e04f8f136e7682
430;Enach430;Evor430;0;E;c21f969b5f03d33d43e04f8f136e7682
431;Enach431;Evor431;0;E;c21f969b5f03d33d43e04f8f136e7682
432;Enach432;Evor432;0;E;c21f969b5f03d33d43e04f8f136e7682
433;Enach433;Evor433;0;E;c21f969b5f03d33d43e04f8f136e7682
434;Enach434;Evor434;0;E;c21f969b5f03d33d43e04f8f136e7682
435;Enach435;Evor435;0;E;c21f969b5f03d33d43e04f8f136e7682
436;Enach436;Evor436;0;E;c21f969b5f03d33d43e04f8f136e7682
437;Enach437;Evor437;0;E;c21f969b5f03d33d43e04f8f136e7682
438;Enach438;Evor438;0;E;c21f969b5f03d33d43e04f8f136e7682
439;Enach439;Evor439;0;E;c21f969b5f03d33d43e04f8f136e7682
440;Enach440;Evor440;0;E;c21f969b5f03d33d43e04f8f136e7682
441;Enach441;Evor441;0;E;c21f969b5f03d33d43e04f8f136e7682
442;Enach442;Evor442;0;E;c21f969b5f03d33d43e04f8f136e7682
443;Enach443;Evor443;0;E;c21f969b5f03d33d43e04f8f136e7682
444;Enach444;Evor444;0;E;c21f969b5f03d33d43e04f8f136e7682
445;Enach445;Evor445;0;E;c21f969b5f03d33d43e04f8f136e7682
446;Enach446;Evor446;0;E;c21f969b5f03d33d43e04f8f136e7682
447;Enach447;Evor447;0;E;c21f969b5f03d33d43e04f8f136e7682
448;Enach448;Evor448;0;E;c21f969b5f03d33d43e04f8f136e7682
449;Enach449;Evor449;0;E;c21f969b5f03d33d43e04f8f136e7682
450;Enach450;Evor450;0;E;c21f969b5f03d33d43e04f8f136e7682
451;Enach451;Evor451;0;E;c21f969b5f03d33d43e04f8f136e7682
452;Enach452;Evor452;0;E;c21f969b5f03d33d43e04f8f136e7682
453;Enach453;Evor453;0;E;c21f969b5f03d33d43e04f8f136e7682
454;Enach454;Evor454;0;E;c21f969b5f03d33d43e04f8f136e7682
455;Enach455;Evor455;0;E;c21f969b5f03d33d43e04f8f136e7682
456;Enach456;Evor456;0;E;c21f969b5f03d33d43e04f8f136e7682
457;Enach457;Evor457;0;E;c21f969b5f03d33d43e04f8f136e7682
458;Enach458;Evor458;0;E;c21f969b5f03d33d43e04f8f136e7682
459;Enach459;Evor459;0;E;c21f969b5f03d33d43e04f8f136e7682
460;Enach460;Evor460;0;E;c21f969b5f03d33d43e04f8f136e7682
461;Enach461;Evor461;0;E;c21f969b5f03d33d43e04f8f136e7682
462;Enach462;Evor462;0;E;c21f969b5f03d33d43e04f8f136e7682
463;Enach463;Evor463;0;E;c21f969b5f03d33d43e04f8f136e7682
464;Enach464;Evor464;0;E;c21f969b5f03d33d43e04f8f136e7682
465;Enach465;Evor465;0;E;c21f969b5f03d33d43e04f8f136e7682
466;Enach466;Evor466;0;E;c21f969b5f03d33d43e04f8f136e7682
467;Enach467;Evor467;0;E;c21f969b5f03d33d43e04f8f136e7682
468;Enach468;Evor468;0;E;c21f969b5f03d33d43e04f8f136e7682
469;Enach469;Evor469;0;E;c21f969b5f03d33d43e04f8f136e7682
470;Enach470;Evor470;0;E;c21f969b5f03d33d43e04f8f136e7682
471;Enach471;Evor471;0;E;c21f969b5f03d33d43e04f8f136e7682
472;Enach472;Evor472;0;E;c21f969b5f03d33d43e04f8f136e7682
473;Enach473;Evor473;0;E;c21f969b5f03d33d43e04f8f136e7682
474;Enach474;Evor474;0;E;c21f969b5f03d33d43e04f8f136e7682
475;Enach475;Evor475;0;E;c21f969b5f03d33d43e04f8f136e7682
476;Enach476;Evor476;0;E;c21f969b5f03d33d43e04f8f136e7682
477;Enach477;Evor477;0;E;c21f969b5f03d33d43e04f8f136e7682
478;Enach478;Evor478;0;E;c21f969b5f03d33d43e04f8f136e7682
479;Enach479;Evor479;0;E;c21f969b5f03d33d43e04f8f136e7682
480;Enach480;Evor480;0;E;c21f969b5f03d33d43e04f8f136e7682
481;Enach481;Evor481;0;E;c21f969b5f03d33d43e04f8f136e7682
482;Enach482;Evor482;0;E;c21f969b5f03d33d43e04f8f136e7682
483;Enach483;Evor483;0;E;c21f969b5f03d33d43e04f8f136e7682
484;Enach484;Evor484;0;E;c21f969b5f03d33d43e04f8f136e7682
485;Enach485;Evor485;0;E;c21f969b5f03d33d43e04f8f136e7682
486;Enach486;Evor486;0;E;c21f969b5f03d33d43e04f8f136e7682
487;Enach487;Evor487;0;E;c21f969b5f03d33d43e04f8f136e7682
488;Enach488;Evor488;0;E;c21f969b5f03d33d43e04f8f136e7682
489;Enach489;Evor489;0;E;c21f969b5f03d33d43e04f8f136e7682
490;Enach490;Evor490;0;E;c21f969b5f03d33d43e04f8f136e7682
491;Enach491;Evor491;0;E;c21f969b5f03d33d43e04f8f136e7682
492;Enach492;Evor492;0;E;c21f969b5f03d33d43e04f8f136e7682
493;Enach493;Evor493;0;E;c21f969b5f03d33d43e04f8f136e7682
494;Enach494;Evor494;0;E;c21f969b5f03d33d43e04f8f136e7682
495;Enach495;Evor495;0;E;c21f969b5f03d33d43e04f8f136e7682
496;Enach496;Evor496;0;E;c21f969b5f03d33d43e04f8f136e7682
497;Enach497;Evor497;0;E;c21f969b5f03d33d43e04f8f136e7682
498;Enach498;Evor498;0;E;c21f969b5f03d33d43e04f8f136e7682
499;Enach499;Evor499;0;E;c21f969b5f03d33d43e04f8f136e7682
500;Enach500;Evor500;0;E;c21f969b5f03d33d43e04f8f136e7682
501;Enach501;Evor501;0;E;c21f969b5f03d33d43e04f8f136e7682
502;Enach502;Evor502;0;E;c21f969b5f03d33d43e04f8f136e7682
503;Enach503;Evor503;0;E;c21f969b5f03d33d43e04f8f136e7682
504;Enach504;Evor504;0;E;c21f969b5f03d33d43e04f8f136e7682
505;Enach505;Evor505;0;E;c21f969b5f03d33d43e04f8f136e7682
506;Enach506;Evor506;0;E;c21f969b5f03d33d43e04f8f136e7682
507;Enach507;Evor507;0;E;c21f969b5f03d33d43e04f8f136e7682
508;Enach508;Evor508;0;E;c21f969b5f03d33d43e04f8f136e7682
509;Enach509;Evor509;0;E;c21f969b5f03d33d43e04f8f136e7682
510;Enach510;Evor510;0;E;c21f969b5f03d33d43e04f8f136e7682
511;Enach511;Evor511;0;E;c21f969b5f03d33d43e04f8f136e7682
512;Enach512;Evor512;0;E;c21f969b5f03d33d43e04f8f136e7682
513;Enach513;Evor513;0;E;c21f969b5f03d33d43e04f8f136e7682
514;Enach514;Evor514;0;E;c21f969b5f03d33d43e04f8f136e7682
515;Enach515;Evor515;0;E;c21f969b5f03d33d43e04f8f136e7682
516;Enach516;Evor516;0;E;c21f969b5f03d33d43e04f8f136e7682
517;Enach517;Evor517;0;E;c21f969b5f03d33d43e04f8f136e7682
518;Enach518;Evor518;0;E;c21f969b5f03d33d43e04f8f136e7682
519;Enach519;Evor519;0;E;c21f969b5f03d33d43e04f8f136e7682
520;Enach520;Evor520;0;E;c21f969b5f03d33d43e04f8f136e7682
521;Enach521;Evor521;0;E;c21f969b5f03d33d43e04f8f136e7682
522;Enach522;Evor522;0;E;c21f969b5f03d33d43e04f8f136e7682
523;Enach523;Evor523;0;E;c21f969b5f03d33d43e04f8f136e7682
524;Enach524;Evor524;0;E;c21f969b5f03d33d43e04f8f136e7682
525;Enach525;Evor525;0;E;c21f969b5f03d33d43e04f8f136e7682
526;Enach526;Evor526;0;E;c21f969b5f03d33d43e04f8f136e7682
527;Enach527;Evor527;0;E;c21f969b5f03d33d43e04f8f136e7682
528;Enach528;Evor528;0;E;c21f969b5f03d33d43e04f8f136e7682
529;Enach529;Evor529;0;E;c21f969b5f03d33d43e04f8f136e7682
530;Enach530;Evor530;0;E;c21f969b5f03d33d43e04f8f136e7682
531;Enach531;Evor531;0;E;c21f969b5f03d33d43e04f8f136e7682
532;Enach532;Evor532;0;E;c21f969b5f03d33d43e04f8f136e7682
533;Enach533;Evor533;0;E;c21f969b5f03d33d43e04f8f136e7682
534;Enach534;Evor534;0;E;c21f969b5f03d33d43e04f8f136e7682
535;Enach535;Evor535;0;E;c21f969b5f03d33d43e04f8f136e7682
536;Enach536;Evor536;0;E;c21f969b5f03d33d43e04f8f136e7682
537;Enach537;Evor537;0;E;c21f969b5f03d33d43e04f8f136e7682
538;Enach538;Evor538;0;E;c21f969b5f03d33d43e04f8f136e7682
539;Enach539;Evor539;0;E;c21f969b5f03d33d43e04f8f136e7682
540;Enach540;Evor540;0;E;c21f969b5f03d33d43e04f8f136e7682
541;Enach541;Evor541;0;E;c21f969b5f03d33d43e04f8f136e7682
542;Enach542;Evor542;0;E;c21f969b5f03d33d43e04f8f136e7682
543;Enach543;Evor543;0;E;c21f969b5f03d33d43e04f8f136e7682
544;Enach544;Evor544;0;E;c21f969b5f03d33d43e04f8f136e7682
545;Enach545;Evor545;0;E;c21f969b5f03d33d43e04f8f136e7682
546;Enach546;Evor546;0;E;c21f969b5f03d33d43e04f8f136e7682
547;Enach547;Evor547;0;E;c21f969b5f03d33d43e04f8f136e7682
548;Enach548;Evor548;0;E;c21f969b5f03d33d43e04f8f136e7682
549;Enach549;Evor549;0;E;c21f969b5f03d33d43e04f8f136e7682
550;Enach550;Evor550;0;E;c21f969b5f03d33d43e04f8f136e7682
551;Enach551;Evor551;0;E;c21f969b5f03d33d43e04f8f136e7682
552;Enach552;Evor552;0;E;c21f969b5f03d33d43e04f8f136e7682
553;Enach553;Evor553;0;E;c21f969b5f03d33d43e04f8f136e7682
554;Enach554;Evor554;0;E;c21f969b5f03d33d43e04f8f136e7682
555;Enach555;Evor555;0;E;c21f969b5f03d33d43e04f8f136e7682
556;Enach556;Evor556;0;E;c21f969b5f03d33d43e04f8f136e7682
557;Enach557;Evor557;0;E;c21f969b5f03d33d43e04f8f136e7682
558;Enach558;Evor558;0;E;c21f969b5f03d33d43e04f8f136e7682
559;Enach559;Evor559;0;E;c21f969b5f03d33d43e04f8f136e7682
560;Enach560;Evor560;0;E;c21f969b5f03d33d43e04f8f136e7682
561;Enach561;Evor561;0;E;c21f969b5f03d33d43e04f8f136e7682
562;Enach562;Evor562;0;E;c21f969b5f03d33d43e04f8f136e7682
563;Enach563;Evor563;0;E;c21f969b5f03d33d43e04f8f136e7682
564;Enach564;Evor564;0;E;c21f969b5f03d33d43e04f8f136e7682
565;Enach565;Evor565;0;E;c21f969b5f03d33d43e04f8f136e7682
566;Enach566;Evor566;0;E;c21f969b5f03d33d43e04f8f136e7682
567;Enach567;Evor567;0;E;c21f969b5f03d33d43e04f8f136e7682
568;Enach568;Evor568;0;E;c21f969b5f03d33d43e04f8f136e7682
569;Enach569;Evor569;0;E;c21f969b5f03d33d43e04f8f136e7682
570;Enach570;Evor570;0;E;c21f969b5f03d33d43e04f8f136e7682
571;Enach571;Evor571;0;E;c21f969b5f03d33d43e04f8f136e7682
572;Enach572;Evor572;0;E;c21f969b5f03d33d43e04f8f136e7682
573;Enach573;Evor573;0;E;c21f969b5f03d33d43e04f8f136e7682
574;Enach574;Evor574;0;E;c21f969b5f03d33d43e04f8f136e7682
575;Enach575;Evor575;0;E;c21f969b5f03d33d43e04f8f136e7682
576;Enach576;Evor576;0;E;c21f969b5f03d33d43e04f8f136e7682
577;Enach577;Evor577;0;E;c21f969b5f03d33d43e04f8f136e7682
578;Enach578;Evor578;0;E;c21f969b5f03d33d43e04f8f136e7682
579;Enach579;Evor579;0;E;c21f969b5f03d33d43e04f8f136e7682
580;Enach580;Evor580;0;E;c21f969b5f03d33d43e04f8f136e7682
581;Enach581;Evor581;0;E;c21f969b5f03d33d43e04f8f136e7682
582;Enach582;Evor582;0;E;c21f969b5f03d33d43e04f8f136e7682
583;Enach583;Evor583;0;E;c21f969b5f03d33d43e04f8f136e7682
584;Enach584;Evor584;0;E;c21f969b5f03d33d43e04f8f136e7682
585;Enach585;Evor585;0;E;c21f969b5f03d33d43e04f8f136e7682
586;Enach586;Evor586;0;E;c21f969b5f03d33d43e04f8f136e7682
587;Enach587;Evor587;0;E;c21f969b5f03d33d43e04f8f136e7682
588;Enach588;Evor588;0;E;c21f969b5f03d33d43e04f8f136e7682
589;Enach589;Evor589;0;E;c21f969b5f03d33d43e04f8f136e7682
590;Enach590;Evor590;0;E;c21f969b5f03d33d43e04f8f136e7682
591;Enach591;Evor591;0;E;c21f969b5f03d33d43e04f8f136e7682
592;Enach592;Evor592;0;E;c21f969b5f03d33d43e04f8f136e7682
593;Enach593;Evor593;0;E;c21f969b5f03d33d43e04f8f136e7682
594;Enach594;Evor594;0;E;c21f969b5f03d33d43e04f8f136e7682
595;Enach595;Evor595;0;E;c21f969b5f03d33d43e04f8f136e7682
596;Enach596;Evor596;0;E;c21f969b5f03d33d43e04f8f136e7682
597;Enach597;Evor597;0;E;c21f969b5f03d33d43e04f8f136e7682
598;Enach598;Evor598;0;E;c21f969b5f03d33d43e04f8f136e7682
599;Enach599;Evor599;0;E;c21f969b5f03d33d43e04f8f136e7682
600;Enach600;Evor600;0;E;c21f969b5f03d33d43e04f8f136e7682
601;Enach601;Evor601;0;E;c21f969b5f03d33d43e04f8f136e7682
602;Enach602;Evor602;0;E;c21f969b5f03d33d43e04f8f136e7682
603;Enach603;Evor603;0;E;c21f969b5f03d33d43e04f8f136e7682
604;Enach604;Evor604;0;E;c21f969b5f03d33d43e04f8f136e7682
605;Enach605;Evor605;0;E;c21f969b5f03d33d43e04f8f136e7682
606;Enach606;Evor606;0;E;c21f969b5f03d33d43e04f8f136e7682
607;Enach607;Evor607;0;E;c21f969b5f03d33d43e04f8f136e7682
608;Enach608;Evor608;0;E;c21f969b5f03d33d43e04f8f136e7682
609;Enach609;Evor609;0;E;c21f969b5f03d33d43e04f8f136e7682
610;Enach610;Evor610;0;E;c21f969b5f03d33d43e04f8f136e7682
611;Enach611;Evor611;0;E;c21f969b5f03d33d43e04f8f136e7682
612;Enach612;Evor612;0;E;c21f969b5f03d33d43e04f8f136e7682
613;Enach613;Evor613;0;E;c21f969b5f03d33d43e04f8f136e7682
614;Enach614;Evor614;0;E;c21f969b5f03d33d43e04f8f136e7682
615;Enach615;Evor615;0;E;c21f969b5f03d33d43e04f8f136e7682
616;Enach616;Evor616;0;E;c21f969b5f03d33d43e04f8f136e7682
617;Enach617;Evor617;0;E;c21f969b5f03d33d43e04f8f136e7682
618;Enach618;Evor618;0;E;c21f969b5f03d33d43e04f8f136e7682
619;Enach619;Evor619;0;E;c21f969b5f03d33d43e04f8f136e7682
620;Enach620;Evor620;0;E;c21f969b5f03d33d43e04f8f136e7682
621;Enach621;Evor621;0;E;c21f969b5f03d33d43e04f8f136e7682
622;Enach622;Evor622;0;E;c21f969b5f03d33d43e04f8f136e7682
623;Enach623;Evor623;0;E;c21f969b5f03d33d43e04f8f136e7682
624;Enach624;Evor624;0;E;c21f969b5f03d33d43e04f8f136e7682
625;Enach625;Evor625;0;E;c21f969b5f03d33d43e04f8f136e7682
626;Enach626;Evor626;0;E;c21f969b5f03d33d43e04f8f136e7682
627;Enach627;Evor627;0;E;c21f969b5f03d33d43e04f8f136e7682
628;Enach628;Evor628;0;E;c21f969b5f03d33d43e04f8f136e7682
629;Enach629;Evor629;0;E;c21f969b5f03d33d43e04f8f136e7682
630;Enach630;Evor630;0;E;c21f969b5f03d33d43e04f8f136e7682
631;Enach631;Evor631;0;E;c21f969b5f03d33d43e04f8f136e7682
632;Enach632;Evor632;0;E;c21f969b5f03d33d43e04f8f136e7682
633;Enach633;Evor633;0;E;c21f969b5f03d33d43e04f8f136e7682
634;Enach634;Evor634;0;E;c21f969b5f03d33d43e04f8f136e7682
635;Enach635;Evor635;0;E;c21f969b5f03d33d43e04f8f136e7682
636;Enach636;Evor636;0;E;c21f969b5f03d33d43e04f8f136e7682
637;Enach637;Evor637;0;E;c21f969b5f03d33d43e04f8f136e7682
638;Enach638;Evor638;0;E;c21f969b5f03d33d43e04f8f136e7682
639;Enach639;Evor639;0;E;c21f969b5f03d33d43e04f8f136e7682
640;Enach640;Evor640;0;E;c21f969b5f03d33d43e04f8f136e7682
641;Enach641;Evor641;0;E;c21f969b5f03d33d43e04f8f136e7682
642;Enach642;Evor642;0;E;c21f969b5f03d33d43e04f8f136e7682
643;Enach643;Evor643;0;E;c21f969b5f03d33d43e04f8f136e7682
644;Enach644;Evor644;0;E;c21f969b5f03d33d43e04f8f136e7682
645;Enach645;Evor645;0;E;c21f969b5f03d33d43e04f8f136e7682
646;Enach646;Evor646;0;E;c21f969b5f03d33d43e04f8f136e7682
647;Enach647;Evor647;0;E;c21f969b5f03d33d43e04f8f136e7682
648;Enach648;Evor648;0;E;c21f969b5f03d33d43e04f8f136e7682
649;Enach649;Evor649;0;E;c21f969b5f03d33d43e04f8f136e7682
650;Enach650;Evor650;0;E;c21f969b5f03d33d43e04f8f136e7682
651;Enach651;Evor651;0;E;c21f969b5f03d33d43e04f8f136e7682
652;Enach652;Evor652;0;E;c21f969b5f03d33d43e04f8f136e7682
653;Enach653;Evor653;0;E;c21f969b5f03d33d43e04f8f136e7682
654;Enach654;Evor654;0;E;c21f969b5f03d33d43e04f8f136e7682
655;Enach655;Evor655;0;E;c21f969b5f03d33d43e04f8f136e7682
656;Enach656;Evor656;0;E;c21f969b5f03d33d43e04f8f136e7682
657;Enach657;Evor657;0;E;c21f969b5f03d33d43e04f8f136e7682
658;Enach658;Evor658;0;E;c21f969b5f03d33d43e04f8f136e7682
659;Enach659;Evor659;0;E;c21f969b5f03d33d43e04f8f136e7682
660;Enach660;Evor660;0;E;c21f969b5f03d33d43e04f8f136e7682
661;Enach661;Evor661;0;E;c21f969b5f03d33d43e04f8f136e7682
662;Enach662;Evor662;0;E;c21f969b5f03d33d43e04f8f136e7682
663;Enach663;Evor663;0;E;c21f969b5f03d33d43e04f8f136e7682
664;Enach664;Evor664;0;E;c21f969b5f03d33d43e04f8f136e7682
665;Enach665;Evor665;0;E;c21f969b5f03d33d43e04f8f136e7682
666;Enach666;Evor666;0;E;c21f969b5f03d33d43e04f8f136e7682
667;Enach667;Evor667;0;E;c21f969b5f03d33d43e04f8f136e7682
668;Enach668;Evor668;0;E;c21f969b5f03d33d43e04f8f136e7682
669;Enach669;Evor669;0;E;c21f969b5f03d33d43e04f8f136e7682
670;Enach670;Evor670;0;E;c21f969b5f03d33d43e04f8f136e7682
671;Enach671;Evor671;0;E;c21f969b5f03d33d43e04f8f136e7682
672;Enach672;Evor672;0;E;c21f969b5f03d33d43e04f8f136e7682
673;Enach673;Evor673;0;E;c21f969b5f03d33d43e04f8f136e7682
674;Enach674;Evor674;0;E;c21f969b5f03d33d43e04f8f136e7682
675;Enach675;Evor675;0;E;c21f969b5f03d33d43e04f8f136e7682
676;Enach676;Evor676;0;E;c21f969b5f03d33d43e04f8f136e7682
677;Enach677;Evor677;0;E;c21f969b5f03d33d43e04f8f136e7682
678;Enach678;Evor678;0;E;c21f969b5f03d33d43e04f8f136e7682
679;Enach679;Evor679;0;E;c21f969b5f03d33d43e04f8f136e7682
680;Enach680;Evor680;0;E;c21f969b5f03d33d43e04f8f136e7682
681;Enach681;Evor681;0;E;c21f969b5f03d33d43e04f8f136e7682
682;Enach682;Evor682;0;E;c21f969b5f03d33d43e04f8f136e7682
683;Enach683;Evor683;0;E;c21f969b5f03d33d43e04f8f136e7682
684;Enach684;Evor684;0;E;c21f969b5f03d33d43e04f8f136e7682
685;Enach685;Evor685;0;E;c21f969b5f03d33d43e04f8f136e7682
686;Enach686;Evor686;0;E;c21f969b5f03d33d43e04f8f136e7682
687;Enach687;Evor687;0;E;c21f969b5f03d33d43e04f8f136e7682
688;Enach688;Evor688;0;E;c21f969b5f03d33d43e04f8f136e7682
689;Enach689;Evor689;0;E;c21f969b5f03d33d43e04f8f136e7682
690;Enach690;Evor690;0;E;c21f969b5f03d33d43e04f8f136e7682
691;Enach691;Evor691;0;E;c21f969b5f03d33d43e04f8f136e7682
692;Enach692;Evor692;0;E;c21f969b5f03d33d43e04f8f136e7682
693;Enach693;Evor693;0;E;c21f969b5f03d33d43e04f8f136e7682
694;Enach694;Evor694;0;E;c21f969b5f03d33d43e04f8f136e7682
695;Enach695;Evor695;0;E;c21f969b5f03d33d43e04f8f136e7682
696;Enach696;Evor696;0;E;c21f969b5f03d33d43e04f8f136e7682
697;Enach697;Evor697;0;E;c21f969b5f03d33d43e04f8f136e7682
698;Enach698;Evor698;0;E;c21f969b5f03d33d43e04f8f136e7682
699;Enach699;Evor699;0;E;c21f969b5f03d33d43e04f8f136e7682
700;Enach700;Evor700;0;E;c21f969b5f03d33d43e04f8f136e7682
701;Enach701;Evor701;0;E;c21f969b5f03d33d43e04f8f136e7682
702;Enach702;Evor702;0;E;c21f969b5f03d33d43e04f8f136e7682
703;Enach703;Evor703;0;E;c21f969b5f03d33d43e04f8f136e7682
704;Enach704;Evor704;0;E;c21f969b5f03d33d43e04f8f136e7682
705;Enach705;Evor705;0;E;c21f969b5f03d33d43e04f8f136e7682
706;Enach706;Evor706;0;E;c21f969b5f03d33d43e04f8f136e7682
707;Enach707;Evor707;0;E;c21f969b5f03d33d43e04f8f136e7682
708;Enach708;Evor708;0;E;c21f969b5f03d33d43e04f8f136e7682
709;Enach709;Evor709;0;E;c21f969b5f03d33d43e04f8f136e7682
710;Enach710;Evor710;0;E;c21f969b5f03d33d43e04f8f136e7682
711;Enach711;Evor711;0;E;c21f969b5f03d33d43e04f8f136e7682
712;Enach712;Evor712;0;E;c21f969b5f03d33d43e04f8f136e7682
713;Enach713;Evor713;0;E;c21f969b5f03d33d43e04f8f136e7682
714;Enach714;Evor714;0;E;c21f969b5f03d33d43e04f8f136e7682
715;Enach715;Evor715;0;E;c21f969b5f03d33d43e04f8f136e7682
716;Enach716;Evor716;0;E;c21f969b5f03d33d43e04f8f136e7682
717;Enach717;Evor717;0;E;c21f969b5f03d33d43e04f8f136e7682
718;Enach718;Evor718;0;E;c21f969b5f03d33d43e04f8f136e7682
719;Enach719;Evor719;0;E;c21f969b5f03d33d43e04f8f136e7682
720;Enach720;Evor720;0;E;c21f969b5f03d33d43e04f8f136e7682
721;Enach721;Evor721;0;E;c21f969b5f03d33d43e04f8f136e7682
722;Enach722;Evor722;0;E;c21f969b5f03d33d43e04f8f136e7682
723;Enach723;Evor723;0;E;c21f969b5f03d33d43e04f8f136e7682
724;Enach724;Evor724;0;E;c21f969b5f03d33d43e04f8f136e7682
725;Enach725;Evor725;0;E;c21f969b5f03d33d43e04f8f136e7682
726;Enach726;Evor726;0;E;c21f969b5f03d33d43e04f8f136e7682
727;Enach727;Evor727;0;E;c21f969b5f03d33d43e04f8f136e7682
728;Enach728;Evor728;0;E;c21f969b5f03d33d43e04f8f136e7682
729;Enach729;Evor729;0;E;c21f969b5f03d33d43e04f8f136e7682
730;Enach730;Evor730;0;E;c21f969b5f03d33d43e04f8f136e7682
731;Enach731;Evor731;0;E;c21f969b5f03d33d43e04f8f136e7682
732;Enach732;Evor732;0;E;c21f969b5f03d33d43e04f8f136e7682
733;Enach733;Evor733;0;E;c21f969b5f03d33d43e04f8f136e7682
734;Enach734;Evor734;0;E;c21f969b5f03d33d43e04f8f136e7682
735;Enach735;Evor735;0;E;c21f969b5f03d33d43e04f8f136e7682
736;Enach736;Evor736;0;E;c21f969b5f03d33d43e04f8f136e7682
737;Enach737;Evor737;0;E;c21f969b5f03d33d43e04f8f136e7682
738;Enach738;Evor738;0;E;c21f969b5f03d33d43e04f8f136e7682
739;Enach739;Evor739;0;E;c21f969b5f03d33d43e04f8f136e7682
740;Enach740;Evor740;0;E;c21f969b5f03d33d43e04f8f136e7682
741;Enach741;Evor741;0;E;c21f969b5f03d33d43e04f8f136e7682
742;Enach742;Evor742;0;E;c21f969b5f03d33d43e04f8f136e7682
743;Enach743;Evor743;0;E;c21f969b5f03d33d43e04f8f136e7682
744;Enach744;Evor744;0;E;c21f969b5f03d33d43e04f8f136e7682
745;Enach745;Evor745;0;E;c21f969b5f03d33d43e04f8f136e7682
746;Enach746;Evor746;0;E;c21f969b5f03d33d43e04f8f136e7682
747;Enach747;Evor747;0;E;c21f969b5f03d33d43e04f8f136e7682
748;Enach748;Evor748;0;E;c21f969b5f03d33d43e04f8f136e7682
749;Enach749;Evor749;0;E;c21f969b5f03d33d43e04f8f136e7682
750;Enach750;Evor750;0;E;c21f969b5f03d33d43e04f8f136e7682
751;Enach751;Evor751;0;E;c21f969b5f03d33d43e04f8f136e7682
752;Enach752;Evor752;0;E;c21f969b5f03d33d43e04f8f136e7682
753;Enach753;Evor753;0;E;c21f969b5f03d33d43e04f8f136e7682
754;Enach754;Evor754;0;E;c21f969b5f03d33d43e04f8f136e7682
755;Enach755;Evor755;0;E;c21f969b5f03d33d43e04f8f136e7682
756;Enach756;Evor756;0;E;c21f969b5f03d33d43e04f8f136e7682
757;Enach757;Evor757;0;E;c21f969b5f03d33d43e04f8f136e7682
758;Enach758;Evor758;0;E;c21f969b5f03d33d43e04f8f136e7682
759;Enach759;Evor759;0;E;c21f969b5f03d33d43e04f8f136e7682
760;Enach760;Evor760;0;E;c21f969b5f03d33d43e04f8f136e7682
761;Enach761;Evor761;0;E;c21f969b5f03d33d43e04f8f136e7682
762;Enach762;Evor762;0;E;c21f969b5f03d33d43e04f8f136e7682
763;Enach763;Evor763;0;E;c21f969b5f03d33d43e04f8f136e7682
764;Enach764;Evor764;0;E;c21f969b5f03d33d43e04f8f136e7682
765;Enach765;Evor765;0;E;c21f969b5f03d33d43e04f8f136e7682
766;Enach766;Evor766;0;E;c21f969b5f03d33d43e04f8f136e7682
767;Enach767;Evor767;0;E;c21f969b5f03d33d43e04f8f136e7682
768;Enach768;Evor768;0;E;c21f969b5f03d33d43e04f8f136e7682
769;Enach769;Evor769;0;E;c21f969b5f03d33d43e04f8f136e7682
770;Enach770;Evor770;0;E;c21f969b5f03d33d43e04f8f136e7682
771;Enach771;Evor771;0;E;c21f969b5f03d33d43e04f8f136e7682
772;Enach772;Evor772;0;E;c21f969b5f03d33d43e04f8f136e7682
773;Enach773;Evor773;0;E;c21f969b5f03d33d43e04f8f136e7682
774;Enach774;Evor774;0;E;c21f969b5f03d33d43e04f8f136e7682
775;Enach775;Evor775;0;E;c21f969b5f03d33d43e04f8f136e7682
776;Enach776;Evor776;0;E;c21f969b5f03d33d43e04f8f136e7682
777;Enach777;Evor777;0;E;c21f969b5f03d33d43e04f8f136e7682
778;Enach778;Evor778;0;E;c21f969b5f03d33d43e04f8f136e7682
779;Enach779;Evor779;0;E;c21f969b5f03d33d43e04f8f136e7682
780;Enach780;Evor780;0;E;c21f969b5f03d33d43e04f8f136e7682
781;Enach781;Evor781;0;E;c21f969b5f03d33d43e04f8f136e7682
782;Enach782;Evor782;0;E;c21f969b5f03d33d43e04f8f136e7682
783;Enach783;Evor783;0;E;c21f969b5f03d33d43e04f8f136e7682
784;Enach784;Evor784;0;E;c21f969b5f03d33d43e04f8f136e7682
785;Enach785;Evor785;0;E;c21f969b5f03d33d43e04f8f136e7682
786;Enach786;Evor786;0;E;c21f969b5f03d33d43e04f8f136e7682
787;Enach787;Evor787;0;E;c21f969b5f03d33d43e04f8f136e7682
788;Enach788;Evor788;0;E;c21f969b5f03d33d43e04f8f136e7682
789;Enach789;Evor789;0;E;c21f969b5f03d33d43e04f8f136e7682
790;Enach790;Evor790;0;E;c21f969b5f03d33d43e04f8f136e7682
791;Enach791;Evor791;0;E;c21f969b5f03d33d43e04f8f136e7682
792;Enach792;Evor792;0;E;c21f969b5f03d33d43e04f8f136e7682
793;Enach793;Evor793;0;E;c21f969b5f03d33d43e04f8f136e7682
794;Enach794;Evor794;0;E;c21f969b5f03d33d43e04f8f136e7682
795;Enach795;Evor795;0;E;c21f969b5f03d33d43e04f8f136e7682
796;Enach796;Evor796;0;E;c21f969b5f03d33d43e04f8f136e7682
797;Enach797;Evor797;0;E;c21f969b5f03d33d43e04f8f136e7682
798;Enach798;Evor798;0;E;c21f969b5f03d33d43e04f8f136e7682
799;Enach799;Evor799;0;E;c21f969b5f03d33d43e04f8f136e7682
800;Enach800;Evor800;0;E;c21f969b5f03d33d43e04f8f136e7682
801;Enach801;Evor801;0;E;c21f969b5f03d33d43e04f8f136e7682
802;Enach802;Evor802;0;E;c21f969b5f03d33d43e04f8f136e7682
803;Enach803;Evor803;0;E;c21f969b5f03d33d43e04f8f136e7682
804;Enach804;Evor804;0;E;c21f969b5f03d33d43e04f8f136e7682
805;Enach805;Evor805;0;E;c21f969b5f03d33d43e04f8f136e7682
806;Enach806;Evor806;0;E;c21f969b5f03d33d43e04f8f136e7682
807;Enach807;Evor807;0;E;c21f969b5f03d33d43e04f8f136e7682
808;Enach808;Evor808;0;E;c21f969b5f03d33d43e04f8f136e7682
809;Enach809;Evor809;0;E;c21f969b5f03d33d43e04f8f136e7682
810;Enach810;Evor810;0;E;c21f969b5f03d33d43e04f8f136e7682
811;Enach811;Evor811;0;E;c21f969b5f03d33d43e04f8f136e7682
812;Enach812;Evor812;0;E;c21f969b5f03d33d43e04f8f136e7682
813;Enach813;Evor813;0;E;c21f969b5f03d33d43e04f8f136e7682
814;Enach814;Evor814;0;E;c21f969b5f03d33d43e04f8f136e7682
815;Enach815;Evor815;0;E;c21f969b5f03d33d43e04f8f136e7682
816;Enach816;Evor816;0;E;c21f969b5f03d33d43e04f8f136e7682
817;Enach817;Evor817;0;E;c21f969b5f03d33d43e04f8f136e7682
818;Enach818;Evor818;0;E;c21f969b5f03d33d43e04f8f136e7682
819;Enach819;Evor819;0;E;c21f969b5f03d33d43e04f8f136e7682
820;Enach820;Evor820;0;E;c21f969b5f03d33d43e04f8f136e7682
821;Enach821;Evor821;0;E;c21f969b5f03d33d43e04f8f136e7682
822;Enach822;Evor822;0;E;c21f969b5f03d33d43e04f8f136e7682
823;Enach823;Evor823;0;E;c21f969b5f03d33d43e04f8f136e7682
824;Enach824;Evor824;0;E;c21f969b5f03d33d43e04f8f136e7682
825;Enach825;Evor825;0;E;c21f969b5f03d33d43e04f8f136e7682
826;Enach826;Evor826;0;E;c21f969b5f03d33d43e04f8f136e7682
827;Enach827;Evor827;0;E;c21f969b5f03d33d43e04f8f136e7682
828;Enach828;Evor828;0;E;c21f969b5f03d33d43e04f8f136e7682
829;Enach829;Evor829;0;E;c21f969b5f03d33d43e04f8f136e7682
830;Enach830;Evor830;0;E;c21f969b5f03d33d43e04f8f136e7682
831;Enach831;Evor831;0;E;c21f969b5f03d33d43e04f8f136e7682
832;Enach832;Evor832;0;E;c21f969b5f03d33d43e04f8f136e7682
833;Enach833;Evor833;0;E;c21f969b5f03d33d43e04f8f136e7682
834;Enach834;Evor834;0;E;c21f969b5f03d33d43e04f8f136e7682
835;Enach835;Evor835;0;E;c21f969b5f03d33d43e04f8f136e7682
836;Enach836;Evor836;0;E;c21f969b5f03d33d43e04f8f136e7682
837;Enach837;Evor837;0;E;c21f969b5f03d33d43e04f8f136e7682
838;Enach838;Evor838;0;E;c21f969b5f03d33d43e04f8f136e7682
839;Enach839;Evor839;0;E;c21f969b5f03d33d43e04f8f136e7682
840;Enach840;Evor840;0;E;c21f969b5f03d33d43e04f8f136e7682
841;Enach841;Evor841;0;E;c21f969b5f03d33d43e04f8f136e7682
842;Enach842;Evor842;0;E;c21f969b5f03d33d43e04f8f136e7682
843;Enach843;Evor843;0;E;c21f969b5f03d33d43e04f8f136e7682
844;Enach844;Evor844;0;E;c21f969b5f03d33d43e04f8f136e7682
845;Enach845;Evor845;0;E;c21f969b5f03d33d43e04f8f136e7682
846;Enach846;Evor846;0;E;c21f969b5f03d33d43e04f8f136e7682
847;Enach847;Evor847;0;E;c21f969b5f03d33d43e04f8f136e7682
848;Enach848;Evor848;0;E;c21f969b5f03d33d43e04f8f136e7682
849;Enach849;Evor849;0;E;c21f969b5f03d33d43e04f8f136e7682
850;Enach850;Evor850;0;E;c21f969b5f03d33d43e04f8f136e7682
851;Enach851;Evor851;0;E;c21f969b5f03d33d43e04f8f136e7682
852;Enach852;Evor852;0;E;c21f969b5f03d33d43e04f8f136e7682
853;Enach853;Evor853;0;E;c21f969b5f03d33d43e04f8f136e7682
854;Enach854;Evor854;0;E;c21f969b5f03d33d43e04f8f136e7682
855;Enach855;Evor855;0;E;c21f969b5f03d33d43e04f8f136e7682
856;Enach856;Evor856;0;E;c21f969b5f03d33d43e04f8f136e7682
857;Enach857;Evor857;0;E;c21f969b5f03d33d43e04f8f136e7682
858;Enach858;Evor858;0;E;c21f969b5f03d33d43e04f8f136e7682
859;Enach859;Evor859;0;E;c21f969b5f03d33d43e04f8f136e7682
860;Enach860;Evor860;0;E;c21f969b5f03d33d43e04f8f136e7682
861;Enach861;Evor861;0;E;c21f969b5f03d33d43e04f8f136e7682
862;Enach862;Evor862;0;E;c21f969b5f03d33d43e04f8f136e7682
863;Enach863;Evor863;0;E;c21f969b5f03d33d43e04f8f136e7682
864;Enach864;Evor864;0;E;c21f969b5f03d33d43e04f8f136e7682
865;Enach865;Evor865;0;E;c21f969b5f03d33d43e04f8f136e7682
866;Enach866;Evor866;0;E;c21f969b5f03d33d43e04f8f136e7682
867;Enach867;Evor867;0;E;c21f969b5f03d33d43e04f8f136e7682
868;Enach868;Evor868;0;E;c21f969b5f03d33d43e04f8f136e7682
869;Enach869;Evor869;0;E;c21f969b5f03d33d43e04f8f136e7682
870;Enach870;Evor870;0;E;c21f969b5f03d33d43e04f8f136e7682
871;Enach871;Evor871;0;E;c21f969b5f03d33d43e04f8f136e7682
872;Enach872;Evor872;0;E;c21f969b5f03d33d43e04f8f136e7682
873;Enach873;Evor873;0;E;c21f969b5f03d33d43e04f8f136e7682
874;Enach874;Evor874;0;E;c21f969b5f03d33d43e04f8f136e7682
875;Enach875;Evor875;0;E;c21f969b5f03d33d43e04f8f136e7682
876;Enach876;Evor876;0;E;c21f969b5f03d33d43e04f8f136e7682
877;Enach877;Evor877;0;E;c21f969b5f03d33d43e04f8f136e7682
878;Enach878;Evor878;0;E;c21f969b5f03d33d43e04f8f136e7682
879;Enach879;Evor879;0;E;c21f969b5f03d33d43e04f8f136e7682
880;Enach880;Evor880;0;E;c21f969b5f03d33d43e04f8f136e7682
881;Enach881;Evor881;0;E;c21f969b5f03d33d43e04f8f136e7682
882;Enach882;Evor882;0;E;c21f969b5f03d33d43e04f8f136e7682
883;Enach883;Evor883;0;E;c21f969b5f03d33d43e04f8f136e7682
884;Enach884;Evor884;0;E;c21f969b5f03d33d43e04f8f136e7682
885;Enach885;Evor885;0;E;c21f969b5f03d33d43e04f8f136e7682
886;Enach886;Evor886;0;E;c21f969b5f03d33d43e04f8f136e7682
887;Enach887;Evor887;0;E;c21f969b5f03d33d43e04f8f136e7682
888;Enach888;Evor888;0;E;c21f969b5f03d33d43e04f8f136e7682
889;Enach889;Evor889;0;E;c21f969b5f03d33d43e04f8f136e7682
890;Enach890;Evor890;0;E;c21f969b5f03d33d43e04f8f136e7682
891;Enach891;Evor891;0;E;c21f969b5f03d33d43e04f8f136e7682
892;Enach892;Evor892;0;E;c21f969b5f03d33d43e04f8f136e7682
893;Enach893;Evor893;0;E;c21f969b5f03d33d43e04f8f136e7682
894;Enach894;Evor894;0;E;c21f969b5f03d33d43e04f8f136e7682
895;Enach895;Evor895;0;E;c21f969b5f03d33d43e04f8f136e7682
896;Enach896;Evor896;0;E;c21f969b5f03d33d43e04f8f136e7682
897;Enach897;Evor897;0;E;c21f969b5f03d33d43e04f8f136e7682
898;Enach898;Evor898;0;E;c21f969b5f03d33d43e04f8f136e7682
899;Enach899;Evor899;0;E;c21f969b5f03d33d43e04f8f136e7682
900;Enach900;Evor900;0;E;c21f969b5f03d33d43e04f8f136e7682
901;Enach901;Evor901;0;E;c21f969b5f03d33d43e04f8f136e7682
902;Enach902;Evor902;0;E;c21f969b5f03d33d43e04f8f136e7682
903;Enach903;Evor903;0;E;c21f969b5f03d33d43e04f8f136e7682
904;Enach904;Evor904;0;E;c21f969b5f03d33d43e04f8f136e7682
905;Enach905;Evor905;0;E;c21f969b5f03d33d43e04f8f136e7682
906;Enach906;Evor906;0;E;c21f969b5f03d33d43e04f8f136e7682
907;Enach907;Evor907;0;E;c21f969b5f03d33d43e04f8f136e7682
908;Enach908;Evor908;0;E;c21f969b5f03d33d43e04f8f136e7682
909;Enach909;Evor909;0;E;c21f969b5f03d33d43e04f8f136e7682
910;Enach910;Evor910;0;E;c21f969b5f03d33d43e04f8f136e7682
911;Enach911;Evor911;0;E;c21f969b5f03d33d43e04f8f136e7682
912;Enach912;Evor912;0;E;c21f969b5f03d33d43e04f8f136e7682
913;Enach913;Evor913;0;E;c21f969b5f03d33d43e04f8f136e7682
914;Enach914;Evor914;0;E;c21f969b5f03d33d43e04f8f136e7682
915;Enach915;Evor915;0;E;c21f969b5f03d33d43e04f8f136e7682
916;Enach916;Evor916;0;E;c21f969b5f03d33d43e04f8f136e7682
917;Enach917;Evor917;0;E;c21f969b5f03d33d43e04f8f136e7682
918;Enach918;Evor918;0;E;c21f969b5f03d33d43e04f8f136e7682
919;Enach919;Evor919;0;E;c21f969b5f03d33d43e04f8f136e7682
920;Enach920;Evor920;0;E;c21f969b5f03d33d43e04f8f136e7682
921;Enach921;Evor921;0;E;c21f969b5f03d33d43e04f8f136e7682
922;Enach922;Evor922;0;E;c21f969b5f03d33d43e04f8f136e7682
923;Enach923;Evor923;0;E;c21f969b5f03d33d43e04f8f136e7682
924;Enach924;Evor924;0;E;c21f969b5f03d33d43e04f8f136e7682
925;Enach925;Evor925;0;E;c21f969b5f03d33d43e04f8f136e7682
926;Enach926;Evor926;0;E;c21f969b5f03d33d43e04f8f136e7682
927;Enach927;Evor927;0;E;c21f969b5f03d33d43e04f8f136e7682
928;Enach928;Evor928;0;E;c21f969b5f03d33d43e04f8f136e7682
929;Enach929;Evor929;0;E;c21f969b5f03d33d43e04f8f136e7682
930;Enach930;Evor930;0;E;c21f969b5f03d33d43e04f8f136e7682
931;Enach931;Evor931;0;E;c21f969b5f03d33d43e04f8f136e7682
932;Enach932;Evor932;0;E;c21f969b5f03d33d43e04f8f136e7682
933;Enach933;Evor933;0;E;c21f969b5f03d33d43e04f8f136e7682
934;Enach934;Evor934;0;E;c21f969b5f03d33d43e04f8f136e7682
935;Enach935;Evor935;0;E;c21f969b5f03d33d43e04f8f136e7682
936;Enach936;Evor936;0;E;c21f969b5f03d33d43e04f8f136e7682
937;Enach937;Evor937;0;E;c21f969b5f03d33d43e04f8f136e7682
938;Enach938;Evor938;0;E;c21f969b5f03d33d43e04f8f136e7682
939;Enach939;Evor939;0;E;c21f969b5f03d33d43e04f8f136e7682
940;Enach940;Evor940;0;E;c21f969b5f03d33d43e04f8f136e7682
941;Enach941;Evor941;0;E;c21f969b5f03d33d43e04f8f136e7682
942;Enach942;Evor942;0;E;c21f969b5f03d33d43e04f8f136e7682
943;Enach943;Evor943;0;E;c21f969b5f03d33d43e04f8f136e7682
944;Enach944;Evor944;0;E;c21f969b5f03d33d43e04f8f136e7682
945;Enach945;Evor945;0;E;c21f969b5f03d33d43e04f8f136e7682
946;Enach946;Evor946;0;E;c21f969b5f03d33d43e04f8f136e7682
947;Enach947;Evor947;0;E;c21f969b5f03d33d43e04f8f136e7682
948;Enach948;Evor948;0;E;c21f969b5f03d33d43e04f8f136e7682
949;Enach949;Evor949;0;E;c21f969b5f03d33d43e04f8f136e7682
950;Enach950;Evor950;0;E;c21f969b5f03d33d43e04f8f136e7682
951;Enach951;Evor951;0;E;c21f969b5f03d33d43e04f8f136e7682
952;Enach952;Evor952;0;E;c21f969b5f03d33d43e04f8f136e7682
953;Enach953;Evor953;0;E;c21f969b5f03d33d43e04f8f136e7682
954;Enach954;Evor954;0;E;c21f969b5f03d33d43e04f8f136e7682
955;Enach955;Evor955;0;E;c21f969b5f03d33d43e04f8f136e7682
956;Enach956;Evor956;0;E;c21f969b5f03d33d43e04f8f136e7682
957;Enach957;Evor957;0;E;c21f969b5f03d33d43e04f8f136e7682
958;Enach958;Evor958;0;E;c21f969b5f03d33d43e04f8f136e7682
959;Enach959;Evor959;0;E;c21f969b5f03d33d43e04f8f136e7682
960;Enach960;Evor960;0;E;c21f969b5f03d33d43e04f8f136e7682
